scenario,algo,coop_rate_mean,coop_rate_std,true_obj_mean,true_obj_std,reward_mean,reward_std
ammo_carrier,IPPO,0.0878,0.2315,2070.2800,145.5977,7.0508,5.7645
ammo_carrier,MAPPO,0.0356,0.0395,1364.7600,446.1893,2.9781,2.8833
ammo_carrier,HAPPO,0.0307,0.0324,1359.8400,507.0954,2.4778,2.6041
armory_siege,IPPO,0.7762,0.2047,38.6570,22.0317,38.6569,22.0318
armory_siege,MAPPO,0.3032,0.1018,-7.3266,17.5865,-7.3270,17.5867
armory_siege,HAPPO,0.1911,0.1091,-22.2922,15.4007,-22.2926,15.4009
coop_health_gathering,IPPO,0.0000,0.0000,1871.6800,486.5292,16.5461,4.1922
coop_health_gathering,MAPPO,0.0000,0.0000,1605.1200,621.6780,17.7230,5.5168
coop_health_gathering,HAPPO,0.0000,0.0000,740.5600,132.3795,10.7800,2.6441
coop_puzzle,IPPO,0.0020,0.0008,1.2800,0.7756,3.4902,2.2887
coop_puzzle,MAPPO,0.0030,0.0015,2.1200,1.0323,7.6825,3.6637
coop_puzzle,HAPPO,0.0020,0.0010,1.2400,1.1056,3.1501,3.4650
dumb_enemies,IPPO,0.0032,0.0012,10.3600,6.2794,131.5783,87.0639
dumb_enemies,MAPPO,0.0011,0.0008,2.6000,1.9799,40.2200,30.6692
dumb_enemies,HAPPO,0.0003,0.0004,0.6000,0.7483,10.0240,12.1367
foraging_commons,IPPO,0.0000,0.0000,2494.0000,116.2927,0.1434,0.6125
foraging_commons,MAPPO,0.0111,0.0345,2538.8000,128.3579,0.2248,0.6145
foraging_commons,HAPPO,0.0000,0.0000,2320.4000,222.5251,0.1768,0.7680
lava_maze,IPPO,0.5000,0.5000,0.0000,0.0000,-4.2961,3.5658
lava_maze,MAPPO,0.0600,0.2375,0.0000,0.0000,-4.0603,3.5681
lava_maze,HAPPO,0.5000,0.5000,0.0000,0.0000,-4.4340,3.5816
lavapit,IPPO,0.9600,0.1083,0.2400,0.4271,-2.2451,0.4615
lavapit,MAPPO,0.8733,0.1812,0.5600,0.4964,-2.4058,0.5638
lavapit,HAPPO,0.9133,0.1675,0.2800,0.4490,-2.7381,0.6538
platform_chain,IPPO,0.0000,0.0000,0.5600,0.4964,0.4774,0.5552
platform_chain,MAPPO,0.0000,0.0000,4.0800,2.3481,4.0399,2.3293
platform_chain,HAPPO,0.0000,0.0000,4.2400,1.8173,4.1050,1.8391
rhythm_sync_dense,IPPO,0.0000,0.0000,0.3740,0.2534,9.8653,7.3905
rhythm_sync_dense,MAPPO,0.0000,0.0000,0.5400,0.2140,14.6861,6.2946
rhythm_sync_dense,HAPPO,0.0000,0.0000,0.2420,0.1742,5.9048,4.8525
smart_enemies,IPPO,0.6270,0.0735,31.3600,2.8966,174.0696,22.3256
smart_enemies,MAPPO,0.4930,0.1094,18.0800,5.4253,78.1419,39.6478
smart_enemies,HAPPO,0.4519,0.1465,7.8000,4.5431,24.1900,31.6397
stag_hunt_arena,IPPO,1.0000,0.0000,6.4400,0.4964,337.2550,25.2901
stag_hunt_arena,MAPPO,1.0000,0.0000,6.6800,0.4665,349.0680,23.9818
stag_hunt_arena,HAPPO,1.0000,0.0000,1.1600,0.9243,61.6574,47.4585
stealth_labyrinth,IPPO,0.0000,0.0000,0.0000,0.0000,-1.9272,0.2181
stealth_labyrinth,MAPPO,0.0000,0.0000,0.0000,0.0000,-1.9840,0.3478
stealth_labyrinth,HAPPO,0.0000,0.0000,0.0000,0.0000,-2.0120,0.2506
