agent,agent0_coop_rate,agent0_coop_steps,agent0_defect_rate,agent0_defect_steps,agent1_coop_rate,agent1_coop_steps,agent1_defect_rate,agent1_defect_steps,coop_steps,cooperation_index,defect_steps,defector_index,episode,reward,total_coop_defect_steps,true_objective,wandb_video
0,1.0,1.0,0.0,0.0,1.0,1.0,0.0,0.0,1.0,1.0,0.0,0.0,1,-3.617997646331787,1.0,0.0,
1,0.0,0.0,0.0,0.0,1.0,1.0,0.0,0.0,1.0,1.0,0.0,0.0,2,-3.617997646331787,1.0,0.0,
0,1.0,1.0,0.0,0.0,1.0,1.0,0.0,0.0,1.0,1.0,0.0,0.0,3,-2.6379995346069336,1.0,0.0,
1,0.0,0.0,0.0,0.0,1.0,1.0,0.0,0.0,1.0,1.0,0.0,0.0,4,-2.6379995346069336,1.0,0.0,
0,1.0,1.0,0.0,0.0,1.0,1.0,0.0,0.0,1.0,1.0,0.0,0.0,5,-3.3019981384277344,1.0,0.0,
1,0.0,0.0,0.0,0.0,1.0,1.0,0.0,0.0,1.0,1.0,0.0,0.0,6,-3.3019981384277344,1.0,0.0,
0,1.0,2.0,0.0,0.0,0.6666666666666666,2.0,0.3333333333333333,1.0,2.0,1.0,0.0,0.0,7,-3.5159912109375,2.0,1.0,
1,0.0,0.0,0.0,0.0,0.6666666666666666,2.0,0.3333333333333333,1.0,2.0,0.6666666666666666,1.0,0.3333333333333333,8,-3.5159912109375,3.0,1.0,
0,1.0,1.0,0.0,0.0,1.0,1.0,0.0,0.0,1.0,1.0,0.0,0.0,9,-2.355999708175659,1.0,0.0,
1,0.0,0.0,0.0,0.0,1.0,1.0,0.0,0.0,1.0,1.0,0.0,0.0,10,-2.355999708175659,1.0,0.0,
0,1.0,2.0,0.0,0.0,0.5,1.0,0.5,1.0,2.0,1.0,0.0,0.0,11,-2.5179991722106934,2.0,0.0,
1,0.0,0.0,0.0,0.0,0.5,1.0,0.5,1.0,1.0,0.5,1.0,0.5,12,-2.5179991722106934,2.0,0.0,
0,1.0,1.0,0.0,0.0,1.0,1.0,0.0,0.0,1.0,1.0,0.0,0.0,13,-2.2039995193481445,1.0,0.0,
1,0.0,0.0,0.0,0.0,1.0,1.0,0.0,0.0,1.0,1.0,0.0,0.0,14,-2.2039995193481445,1.0,0.0,
0,1.0,2.0,0.0,0.0,0.6666666666666666,2.0,0.3333333333333333,1.0,2.0,1.0,0.0,0.0,15,-2.265998601913452,2.0,1.0,
1,0.0,0.0,0.0,0.0,0.6666666666666666,2.0,0.3333333333333333,1.0,2.0,0.6666666666666666,1.0,0.3333333333333333,16,-2.265998601913452,3.0,1.0,
0,0.6666666666666666,2.0,0.3333333333333333,1.0,1.0,2.0,0.0,0.0,2.0,0.6666666666666666,1.0,0.3333333333333333,17,-2.4599995613098145,3.0,1.0,
1,0.0,0.0,0.0,0.0,1.0,2.0,0.0,0.0,2.0,1.0,0.0,0.0,18,-2.4599995613098145,2.0,1.0,
0,1.0,2.0,0.0,0.0,0.5,1.0,0.5,1.0,2.0,1.0,0.0,0.0,19,-3.4339985847473145,2.0,0.0,"{'path': 'train_dir/mode3_comrad_benchmark_20260503_134649/lavapit/00_HAPPO_env_lavapit_s.r.alp_1.0_see_42/wandb_videos/61c8062d0ddf4a6e8d6bce6166c93b37.npz', 'fps': 35, 'episode': 10, 'recorded_frames': 232, 'reset_boundary': True, 'terminated': True, 'truncated': False, 'agent_terminated': [True, True], 'agent_truncated': [False, False], 'done_mode': 'any', 'agent_DEAD': [0.0, 0.0], 'agent_USER11': [1.0, 1.0], 'agent_USER12': [1.0, 1.0], 'agent_USER13': [1.0, 1.0], 'agent_USER14': [0.0, 0.0], 'agent_USER15': [2.0, 2.0], 'agent_USER16': [1.0, 1.0], 'agent_USER17': [12.0, 12.0], 'agent_USER18': [0.0, 0.0], 'agent_USER19': [1.0, 1.0], 'agent_USER20': [0.0, 0.0], 'agent_USER21': [0.0, 0.0], 'agent_USER22': [0.0, 0.0], 'agent_USER23': [1.0, 1.0], 'agent_coop_step_signal': [0.0, 0.0], 'agent_defect_step_signal': [0.0, 0.0], 'agent_episode_time_tics': [0, 0], 'agent_episode_timeout_tics': [21000, 21000], 'agent_num_frames': [1, 1], 'agent_orig_env_reward': [0.0, 0.0], 'agent_player_dead': [False, False], 'agent_success': [False, False], 'agent_true_objective': [0.0, 0.0], 'true_objective': 0.0, 'meta_path': 'train_dir/mode3_comrad_benchmark_20260503_134649/lavapit/00_HAPPO_env_lavapit_s.r.alp_1.0_see_42/wandb_videos/390c67db77974c84bc0174da62d39a55.json'}"
1,0.0,0.0,0.0,0.0,0.5,1.0,0.5,1.0,1.0,0.5,1.0,0.5,20,-3.4339985847473145,2.0,0.0,
0,1.0,1.0,0.0,0.0,1.0,1.0,0.0,0.0,1.0,1.0,0.0,0.0,21,-2.7719995975494385,1.0,0.0,
1,0.0,0.0,0.0,0.0,1.0,1.0,0.0,0.0,1.0,1.0,0.0,0.0,22,-2.7719995975494385,1.0,0.0,
0,1.0,1.0,0.0,0.0,1.0,1.0,0.0,0.0,1.0,1.0,0.0,0.0,23,-3.1039986610412598,1.0,0.0,
1,0.0,0.0,0.0,0.0,1.0,1.0,0.0,0.0,1.0,1.0,0.0,0.0,24,-3.1039986610412598,1.0,0.0,
0,1.0,1.0,0.0,0.0,1.0,1.0,0.0,0.0,1.0,1.0,0.0,0.0,25,-2.4519996643066406,1.0,0.0,
1,0.0,0.0,0.0,0.0,1.0,1.0,0.0,0.0,1.0,1.0,0.0,0.0,26,-2.4519996643066406,1.0,0.0,
0,1.0,1.0,0.0,0.0,1.0,1.0,0.0,0.0,1.0,1.0,0.0,0.0,27,-2.179999351501465,1.0,0.0,
1,0.0,0.0,0.0,0.0,1.0,1.0,0.0,0.0,1.0,1.0,0.0,0.0,28,-2.179999351501465,1.0,0.0,
0,1.0,1.0,0.0,0.0,1.0,1.0,0.0,0.0,1.0,1.0,0.0,0.0,29,-2.1219987869262695,1.0,0.0,
1,0.0,0.0,0.0,0.0,1.0,1.0,0.0,0.0,1.0,1.0,0.0,0.0,30,-2.1219987869262695,1.0,0.0,
0,1.0,1.0,0.0,0.0,1.0,1.0,0.0,0.0,1.0,1.0,0.0,0.0,31,-2.7179994583129883,1.0,0.0,
1,0.0,0.0,0.0,0.0,1.0,1.0,0.0,0.0,1.0,1.0,0.0,0.0,32,-2.7179994583129883,1.0,0.0,
0,1.0,2.0,0.0,0.0,0.6666666666666666,2.0,0.3333333333333333,1.0,2.0,1.0,0.0,0.0,33,-1.7659964561462402,2.0,1.0,
1,0.0,0.0,0.0,0.0,0.6666666666666666,2.0,0.3333333333333333,1.0,2.0,0.6666666666666666,1.0,0.3333333333333333,34,-1.7659964561462402,3.0,1.0,
0,0.6666666666666666,2.0,0.3333333333333333,1.0,1.0,2.0,0.0,0.0,2.0,0.6666666666666666,1.0,0.3333333333333333,35,-1.7699960470199585,3.0,1.0,
1,0.0,0.0,0.0,0.0,1.0,2.0,0.0,0.0,2.0,1.0,0.0,0.0,36,-1.7699960470199585,2.0,1.0,
0,1.0,2.0,0.0,0.0,0.6666666666666666,2.0,0.3333333333333333,1.0,2.0,1.0,0.0,0.0,37,-2.6620001792907715,2.0,1.0,
1,0.0,0.0,0.0,0.0,0.6666666666666666,2.0,0.3333333333333333,1.0,2.0,0.6666666666666666,1.0,0.3333333333333333,38,-2.6620001792907715,3.0,1.0,
0,1.0,2.0,0.0,0.0,0.5,1.0,0.5,1.0,2.0,1.0,0.0,0.0,39,-2.3459999561309814,2.0,0.0,"{'path': 'train_dir/mode3_comrad_benchmark_20260503_134649/lavapit/00_HAPPO_env_lavapit_s.r.alp_1.0_see_42/wandb_videos/c7c38ee2bf604fbdab569650fcf925bc.npz', 'fps': 35, 'episode': 20, 'recorded_frames': 178, 'reset_boundary': True, 'terminated': True, 'truncated': False, 'agent_terminated': [True, True], 'agent_truncated': [False, False], 'done_mode': 'any', 'agent_DEAD': [0.0, 0.0], 'agent_USER11': [2.0, 2.0], 'agent_USER12': [2.0, 2.0], 'agent_USER13': [0.0, 0.0], 'agent_USER14': [0.0, 0.0], 'agent_USER15': [2.0, 2.0], 'agent_USER16': [1.0, 1.0], 'agent_USER17': [12.0, 12.0], 'agent_USER18': [2.0, 2.0], 'agent_USER19': [0.0, 0.0], 'agent_USER20': [0.0, 0.0], 'agent_USER21': [0.0, 0.0], 'agent_USER22': [0.0, 0.0], 'agent_USER23': [0.0, 0.0], 'agent_coop_step_signal': [0.0, 0.0], 'agent_defect_step_signal': [0.0, 0.0], 'agent_episode_time_tics': [0, 0], 'agent_episode_timeout_tics': [21000, 21000], 'agent_num_frames': [1, 1], 'agent_orig_env_reward': [0.0, 0.0], 'agent_player_dead': [False, False], 'agent_success': [False, False], 'agent_true_objective': [0.0, 0.0], 'true_objective': 0.0, 'meta_path': 'train_dir/mode3_comrad_benchmark_20260503_134649/lavapit/00_HAPPO_env_lavapit_s.r.alp_1.0_see_42/wandb_videos/c5251681e169409c9976296124380023.json'}"
1,0.0,0.0,0.0,0.0,0.5,1.0,0.5,1.0,1.0,0.5,1.0,0.5,40,-2.3459999561309814,2.0,0.0,
0,1.0,2.0,0.0,0.0,0.5,1.0,0.5,1.0,2.0,1.0,0.0,0.0,41,-4.910012722015381,2.0,0.0,
1,0.0,0.0,0.0,0.0,0.5,1.0,0.5,1.0,1.0,0.5,1.0,0.5,42,-4.910012722015381,2.0,0.0,
0,1.0,2.0,0.0,0.0,0.6666666666666666,2.0,0.3333333333333333,1.0,2.0,1.0,0.0,0.0,43,-2.7919981479644775,2.0,1.0,
1,0.0,0.0,0.0,0.0,0.6666666666666666,2.0,0.3333333333333333,1.0,2.0,0.6666666666666666,1.0,0.3333333333333333,44,-2.7919981479644775,3.0,1.0,
0,1.0,1.0,0.0,0.0,1.0,1.0,0.0,0.0,1.0,1.0,0.0,0.0,45,-2.8319990634918213,1.0,0.0,
1,0.0,0.0,0.0,0.0,1.0,1.0,0.0,0.0,1.0,1.0,0.0,0.0,46,-2.8319990634918213,1.0,0.0,
0,1.0,1.0,0.0,0.0,1.0,1.0,0.0,0.0,1.0,1.0,0.0,0.0,47,-2.791999578475952,1.0,0.0,
1,0.0,0.0,0.0,0.0,1.0,1.0,0.0,0.0,1.0,1.0,0.0,0.0,48,-2.791999578475952,1.0,0.0,
0,1.0,1.0,0.0,0.0,1.0,1.0,0.0,0.0,1.0,1.0,0.0,0.0,49,-2.921999454498291,1.0,0.0,
1,0.0,0.0,0.0,0.0,1.0,1.0,0.0,0.0,1.0,1.0,0.0,0.0,50,-2.921999454498291,1.0,0.0,
