agent,agent0_coop_rate,agent0_coop_steps,agent0_defect_rate,agent0_defect_steps,agent1_coop_rate,agent1_coop_steps,agent1_defect_rate,agent1_defect_steps,episode,reward,true_objective,wandb_video
0,0.0,0.0,0.0,0.0,0.0,0.0,0.0,0.0,1,9.310938835144043,0.35,
1,0.0,0.0,0.0,0.0,0.0,0.0,0.0,0.0,2,9.310938835144043,0.35,
0,0.0,0.0,0.0,0.0,0.0,0.0,0.0,0.0,3,14.953542709350586,0.6,
1,0.0,0.0,0.0,0.0,0.0,0.0,0.0,0.0,4,14.953542709350586,0.6,
0,0.0,0.0,0.0,0.0,0.0,0.0,0.0,0.0,5,12.363499641418457,0.45,
1,0.0,0.0,0.0,0.0,0.0,0.0,0.0,0.0,6,12.363499641418457,0.45,
0,0.0,0.0,0.0,0.0,0.0,0.0,0.0,0.0,7,12.286662101745605,0.45,
1,0.0,0.0,0.0,0.0,0.0,0.0,0.0,0.0,8,12.286662101745605,0.45,
0,0.0,0.0,0.0,0.0,0.0,0.0,0.0,0.0,9,15.186653137207031,0.55,
1,0.0,0.0,0.0,0.0,0.0,0.0,0.0,0.0,10,15.186653137207031,0.55,
0,0.0,0.0,0.0,0.0,0.0,0.0,0.0,0.0,11,13.720706939697266,0.5,
1,0.0,0.0,0.0,0.0,0.0,0.0,0.0,0.0,12,13.720706939697266,0.5,
0,0.0,0.0,0.0,0.0,0.0,0.0,0.0,0.0,13,23.410425186157227,0.85,
1,0.0,0.0,0.0,0.0,0.0,0.0,0.0,0.0,14,23.410425186157227,0.85,
0,0.0,0.0,0.0,0.0,0.0,0.0,0.0,0.0,15,23.068157196044922,0.85,
1,0.0,0.0,0.0,0.0,0.0,0.0,0.0,0.0,16,23.068157196044922,0.85,
0,0.0,0.0,0.0,0.0,0.0,0.0,0.0,0.0,17,25.626510620117188,0.9,
1,0.0,0.0,0.0,0.0,0.0,0.0,0.0,0.0,18,25.626510620117188,0.9,
0,0.0,0.0,0.0,0.0,0.0,0.0,0.0,0.0,19,13.851714134216309,0.5,"{'path': 'train_dir/mode3_comrad_benchmark_20260503_134649/rhythm_sync_dense/00_MAPPO_env_rhythm_sync_dense_s.r.alp_1.0_see_42/wandb_videos/8f4beeb76ae645c0bc6c2d25eb3c35a2.npz', 'fps': 35, 'episode': 10, 'recorded_frames': 855, 'reset_boundary': True, 'terminated': True, 'truncated': False, 'agent_terminated': [True, True], 'agent_truncated': [False, False], 'done_mode': 'any', 'agent_POSITION_X': [5600.31623840332, 5608.285247802734], 'agent_POSITION_Y': [82.81181335449219, -77.58432006835938], 'agent_USER24': [11.0, 11.0], 'agent_USER25': [10.0, 10.0], 'agent_USER26': [1.0, 1.0], 'agent_USER27': [0.0, 0.0], 'agent_USER28': [1.0, 1.0], 'agent_USER29': [1.0, 1.0], 'agent_USER30': [0.0, 0.0], 'agent_USER31': [-1.0, -1.0], 'agent_USER32': [20.0, 20.0], 'agent_USER33': [5634.0, 5634.0], 'agent_USER34': [78.0, 78.0], 'agent_USER35': [5452.0, 5452.0], 'agent_USER36': [-116.0, -116.0], 'agent_USER37': [0.0, 0.0], 'agent_USER38': [0.0, 0.0], 'agent_USER60': [0.0, 0.0], 'agent_episode_time_tics': [0, 0], 'agent_episode_timeout_tics': [21000, 21000], 'agent_num_frames': [1, 1], 'agent_player_dead': [False, False], 'agent_success': [False, False], 'agent_true_objective': [0.5, 0.5], 'true_objective': 0.5, 'meta_path': 'train_dir/mode3_comrad_benchmark_20260503_134649/rhythm_sync_dense/00_MAPPO_env_rhythm_sync_dense_s.r.alp_1.0_see_42/wandb_videos/a72840b3ea4d473fac2ab50cedd8167d.json'}"
1,0.0,0.0,0.0,0.0,0.0,0.0,0.0,0.0,20,13.851714134216309,0.5,
0,0.0,0.0,0.0,0.0,0.0,0.0,0.0,0.0,21,3.6943371295928955,0.15,
1,0.0,0.0,0.0,0.0,0.0,0.0,0.0,0.0,22,3.6943371295928955,0.15,
0,0.0,0.0,0.0,0.0,0.0,0.0,0.0,0.0,23,11.981907844543457,0.45,
1,0.0,0.0,0.0,0.0,0.0,0.0,0.0,0.0,24,11.981907844543457,0.45,
0,0.0,0.0,0.0,0.0,0.0,0.0,0.0,0.0,25,13.460495948791504,0.5,
1,0.0,0.0,0.0,0.0,0.0,0.0,0.0,0.0,26,13.460495948791504,0.5,
0,0.0,0.0,0.0,0.0,0.0,0.0,0.0,0.0,27,5.552546977996826,0.25,
1,0.0,0.0,0.0,0.0,0.0,0.0,0.0,0.0,28,5.552546977996826,0.25,
0,0.0,0.0,0.0,0.0,0.0,0.0,0.0,0.0,29,7.734869956970215,0.3,
1,0.0,0.0,0.0,0.0,0.0,0.0,0.0,0.0,30,7.734869956970215,0.3,
0,0.0,0.0,0.0,0.0,0.0,0.0,0.0,0.0,31,27.470298767089844,0.95,
1,0.0,0.0,0.0,0.0,0.0,0.0,0.0,0.0,32,27.470298767089844,0.95,
0,0.0,0.0,0.0,0.0,0.0,0.0,0.0,0.0,33,12.904367446899414,0.5,
1,0.0,0.0,0.0,0.0,0.0,0.0,0.0,0.0,34,12.904367446899414,0.5,
0,0.0,0.0,0.0,0.0,0.0,0.0,0.0,0.0,35,4.842724800109863,0.2,
1,0.0,0.0,0.0,0.0,0.0,0.0,0.0,0.0,36,4.842724800109863,0.2,
0,0.0,0.0,0.0,0.0,0.0,0.0,0.0,0.0,37,15.300710678100586,0.55,
1,0.0,0.0,0.0,0.0,0.0,0.0,0.0,0.0,38,15.300710678100586,0.55,
0,0.0,0.0,0.0,0.0,0.0,0.0,0.0,0.0,39,17.82463264465332,0.65,"{'path': 'train_dir/mode3_comrad_benchmark_20260503_134649/rhythm_sync_dense/00_MAPPO_env_rhythm_sync_dense_s.r.alp_1.0_see_42/wandb_videos/0c9ca94edc9a41519e73da66b3e69892.npz', 'fps': 35, 'episode': 20, 'recorded_frames': 1189, 'reset_boundary': True, 'terminated': True, 'truncated': False, 'agent_terminated': [True, True], 'agent_truncated': [False, False], 'done_mode': 'any', 'agent_POSITION_X': [6909.138702392578, 7031.524429321289], 'agent_POSITION_Y': [119.51759338378906, -148.68284606933594], 'agent_USER24': [14.0, 14.0], 'agent_USER25': [13.0, 13.0], 'agent_USER26': [1.0, 1.0], 'agent_USER27': [0.0, 0.0], 'agent_USER28': [1.0, 1.0], 'agent_USER29': [1.0, 1.0], 'agent_USER30': [0.0, 0.0], 'agent_USER31': [-1.0, -1.0], 'agent_USER32': [20.0, 20.0], 'agent_USER33': [6965.0, 6965.0], 'agent_USER34': [201.0, 201.0], 'agent_USER35': [7036.0, 7036.0], 'agent_USER36': [-181.0, -181.0], 'agent_USER37': [0.0, 0.0], 'agent_USER38': [0.0, 0.0], 'agent_USER60': [0.0, 0.0], 'agent_episode_time_tics': [0, 0], 'agent_episode_timeout_tics': [21000, 21000], 'agent_num_frames': [1, 1], 'agent_player_dead': [False, False], 'agent_success': [False, False], 'agent_true_objective': [0.65, 0.65], 'true_objective': 0.65, 'meta_path': 'train_dir/mode3_comrad_benchmark_20260503_134649/rhythm_sync_dense/00_MAPPO_env_rhythm_sync_dense_s.r.alp_1.0_see_42/wandb_videos/15e546abaefb4adeab5393f15465015b.json'}"
1,0.0,0.0,0.0,0.0,0.0,0.0,0.0,0.0,40,17.82463264465332,0.65,
0,0.0,0.0,0.0,0.0,0.0,0.0,0.0,0.0,41,22.6323184967041,0.8,
1,0.0,0.0,0.0,0.0,0.0,0.0,0.0,0.0,42,22.6323184967041,0.8,
0,0.0,0.0,0.0,0.0,0.0,0.0,0.0,0.0,43,10.604582786560059,0.4,
1,0.0,0.0,0.0,0.0,0.0,0.0,0.0,0.0,44,10.604582786560059,0.4,
0,0.0,0.0,0.0,0.0,0.0,0.0,0.0,0.0,45,22.434232711791992,0.8,
1,0.0,0.0,0.0,0.0,0.0,0.0,0.0,0.0,46,22.434232711791992,0.8,
0,0.0,0.0,0.0,0.0,0.0,0.0,0.0,0.0,47,14.981496810913086,0.55,
1,0.0,0.0,0.0,0.0,0.0,0.0,0.0,0.0,48,14.981496810913086,0.55,
0,0.0,0.0,0.0,0.0,0.0,0.0,0.0,0.0,49,11.954307556152344,0.45,
1,0.0,0.0,0.0,0.0,0.0,0.0,0.0,0.0,50,11.954307556152344,0.45,
